{
  "name": "angular-json-editor",
  "version": "0.2.1",
  "authors": [
    "Rodik Hanukaev <rodik@rodik.me>",
    "Topaz Bar <topaz1008@gmail.com>"
  ],
  "description": "angular.js directive for jdorn's json-editor",
  "license": "MIT",
  "main": "src/angular-json-editor.js",
  "keywords": [
    "angular",
    "directive",
    "json-editor",
    "form",
    "schema"
  ],
  "ignore": [
    "bower_components",
    "node_modules"
  ],
  "dependencies": {
    "json-editor": "^0.7.18",
    "angular": "1.*"
  },
  "homepage": "https://github.com/rodikh/angular-json-editor",
  "_release": "0.2.1",
  "_resolution": {
    "type": "version",
    "tag": "v0.2.1",
    "commit": "a2e6ef2431107865b8f0279839d2a6229c4cef84"
  },
  "_source": "git://github.com/rodikh/angular-json-editor.git",
  "_target": "^0.2.1",
  "_originalSource": "angular-json-editor",
  "_direct": true
}