{
    "excludeFiles": ["bower_components/**", "node_modules/**", "build/**", "dist/**"],
    "disallowKeywords": ["with"],
    "disallowTrailingWhitespace": true,
    "requireCurlyBraces": ["if", "else", "for", "while", "do", "try", "catch"],
    "requireSpaceAfterKeywords": ["if", "else", "for", "while", "do", "switch", "return", "try", "catch"],
    "requireSpaceAfterBinaryOperators": ["+", "-", "/", "*", "=", "==", "===", "!=", "!=="],
    "requireSpaceBeforeBinaryOperators": ["+", "-", "/", "*", "=", "==", "===", "!=", "!=="],
    "disallowSpaceBeforePostfixUnaryOperators": ["++", "--"],
    "disallowSpaceAfterPrefixUnaryOperators": ["++", "--", "+", "-", "~", "!"],
    "requireOperatorBeforeLineBreak": ["?", "+", "-", "/", "*", "=", "==", "===", "!=", "!==", ">", ">=", "<", "<="],
    "disallowImplicitTypeConversion": ["string", "numeric", "boolean"],
    "disallowMultipleLineBreaks": true,
    "disallowSpaceAfterObjectKeys": true,
    "disallowDanglingUnderscores": true,
    "disallowSpacesInsideParentheses": true,
    "disallowSpacesInsideArrayBrackets": true,
    "requireBlocksOnNewline": true,
    "disallowMixedSpacesAndTabs": true,
    "disallowKeywordsOnNewLine": ["else"],
    "safeContextKeyword": ["self"],
    "requireLineFeedAtFileEnd": true,
    "validateJSDoc": {
        "checkParamNames": true,
        "checkRedundantParams": true
    },
    "disallowSpacesInNamedFunctionExpression": {
        "beforeOpeningRoundBrace": true
    },
    "requireSpacesInNamedFunctionExpression": {
        "beforeOpeningCurlyBrace": true
    },
    "requireSpacesInAnonymousFunctionExpression": {
        "beforeOpeningRoundBrace": true,
        "beforeOpeningCurlyBrace": true
    }
}
