{
  "name": "json-editor",
  "authors": [
    "Jeremy Dorn <jeremy@jeremydorn.com>"
  ],
  "description": "JSON Schema based editor",
  "main": "dist/jsoneditor.js",
  "keywords": [
    "json",
    "schema",
    "jsonschema",
    "editor"
  ],
  "license": "MIT",
  "ignore": [
    "**/.*",
    "*.md",
    "tests",
    "examples",
    "demo.html",
    "*.png",
    "package.json",
    "Gruntfile.js",
    "src"
  ],
  "homepage": "https://github.com/jdorn/json-editor",
  "version": "0.7.24",
  "_release": "0.7.24",
  "_resolution": {
    "type": "version",
    "tag": "v0.7.24",
    "commit": "a3b9bfec31b9332a0b1f21e1b1c7f13fde92523e"
  },
  "_source": "git://github.com/jdorn/json-editor.git",
  "_target": "^0.7.18",
  "_originalSource": "json-editor"
}